"id_owner","first_name","last_name","phoneNumber","email"
"9899 31529 9850","Mufinella","Farahar","32280192","mfarahar0@google.com.br"
"9361 91510 8204","Lorenza","Sawforde","37399097","lsawforde1@fda.gov"
"8372 54682 2233","Erica","Ladbrooke","31201101","eladbrooke2@reuters.com"
"5512 36904 6841","Georgie","Papaminas","84027740","gpapaminas3@noaa.gov"
"0681 58428 6064","Rutledge","Turbitt","24368606","rturbitt4@ed.gov"
"5715 39105 4286","Shep","Scollard","75399740","sscollard5@technorati.com"
"6478 70605 6949","Rani","Pendered","10853320","rpendered6@accuweather.com"
"7879 70669 5562","Alethea","Bassham","58256780","abassham7@spotify.com"
"4655 02718 8678","Shel","Molyneux","86647665","smolyneux8@privacy.gov.au"
"3860 72491 8504","Grace","Blowfield","56426583","gblowfield9@bravesites.com"
"9991 34896 5762","Gilberto","Roy","30705531","groya@cnbc.com"
"0293 12938 1514","Guillema","Vears","37293043","gvearsb@bloglovin.com"
"7968 97416 7822","Alastair","McCory","52192681","amccoryc@github.com"
"7135 85968 2368","Robenia","Lidster","41346580","rlidsterd@indiatimes.com"
"3605 11142 6462","Petunia","Larkworthy","27048625","plarkworthye@redcross.org"
"1065 95677 9577","Kriste","Edmand","24084442","kedmandf@youtube.com"
"1777 00277 5275","Malinda","Carson","67438056","mcarsong@washington.edu"
"2866 07201 6132","Becki","Messer","35822609","bmesserh@businessinsider.com"
"3712 66128 8325","Quinta","Bettles","52275414","qbettlesi@cornell.edu"
"0574 18978 0329","Estrella","Spieck","46634731","espieckj@vimeo.com"
"7743 58021 2703","Jasen","Oluwatoyin","25205514","joluwatoyink@google.es"
"3726 97197 2372","Felicdad","Kittel","88072132","fkittell@usda.gov"
"3726 36272 9945","Grace","Choudhury","41769117","gchoudhurym@disqus.com"
"5445 35788 1314","Xylia","Manford","14970658","xmanfordn@tripadvisor.com"
"7540 03509 1365","Jdavie","Wylder","89238188","jwyldero@uol.com.br"
