id_owner,first_name,last_name,phoneNumber,email
9205 97606 8350,Becca,Vlahos,79899136,bvlahos0@epa.gov
1711 41934 3658,Shaylynn,Conklin,39817409,sconklin1@noaa.gov
4678 21605 0140,Melva,Spacie,21418907,mspacie2@spiegel.de
2746 01994 3840,Darby,McIlherran,72458926,dmcilherran3@loc.gov
6330 84735 6932,Clayborn,Barnett,35460082,cbarnett4@pen.io
7116 03741 5450,Ashleigh,Adan,81161144,aadan5@infoseek.co.jp
0576 47868 6653,Verge,Gethings,65274942,vgethings6@51.la
7096 99029 2547,Layla,Saundercock,43058453,lsaundercock7@hexun.com
7081 60858 2740,Nicko,O'Connolly,50778232,noconnolly8@google.de
2550 49331 3080,Lothario,Platts,49818657,lplatts9@pagesperso-orange.fr
8571 61948 5682,Gabey,Lydall,90055643,glydalla@gizmodo.com
3658 12473 6414,Tamarah,Perllman,16125303,tperllmanb@usnews.com
1291 80428 5604,Ursula,Gilcriest,69027422,ugilcriestc@geocities.com
8062 14260 4588,Sande,Gamlin,31385171,sgamlind@odnoklassniki.ru
3043 00464 3794,Monika,Stallen,24475935,mstallene@intel.com
9621 78746 9473,Stern,Francescozzi,85395760,sfrancescozzif@twitter.com
7374 91010 5595,Emilia,Barenski,47952526,ebarenskig@sourceforge.net
2112 11324 6178,Datha,Larkcum,50451327,dlarkcumh@edublogs.org
9467 90655 9434,Wallis,Duckers,65396323,wduckersi@springer.com
9062 97238 8195,Peter,Halsho,63847374,phalshoj@dropbox.com
4325 33697 6362,Rainer,Gosse,85730313,rgossek@google.de
5073 70316 3933,Greer,McConachie,83028054,gmcconachiel@about.me
9645 69714 1697,Nicola,Breming,21610043,nbremingm@google.cn
5557 34975 0831,Eolanda,Iiannone,20076461,eiiannonen@unblog.fr
8532 34390 3048,Juliann,Abramson,66739379,jabramsono@cdc.gov
