id_appointment,id_pet,dueDay,dueMonth,dueYear,availability,descriptionProblem
1i7z8j346,03567etfAU,31,2,2037,Posponed,maecenas rhoncus aliquam lacus morbi quis tortor id nulla ultrices
9x0y3k777,80888mcqGS,16,11,2038,Posponed,vestibulum proin eu mi nulla ac enim in tempor turpis nec euismod scelerisque
0q5c6f180,80228tfhPP,17,12,2000,Posponed,ipsum primis in faucibus orci luctus et ultrices posuere cubilia curae donec pharetra magna vestibulum
9y1p9d732,77912qnnAV,21,11,2029,Pending,consequat dui nec nisi volutpat eleifend donec ut dolor morbi vel lectus
3k1n5m813,92254gbvJT,2,3,2029,Posponed,habitasse platea dictumst aliquam augue quam sollicitudin vitae consectetuer eget rutrum at
2n3e8l003,49120yrnGP,29,1,2000,Posponed,orci luctus et ultrices posuere cubilia curae nulla dapibus dolor vel est donec odio justo sollicitudin
6d9s1f290,93957cjxVY,21,8,2022,Pending,massa id lobortis convallis tortor risus dapibus augue vel accumsan tellus nisi eu orci mauris lacinia sapien quis libero nullam
6h9t8u641,66285basZJ,13,12,2001,Done,pellentesque ultrices mattis odio donec vitae nisi nam ultrices libero non mattis pulvinar nulla
7g3w6g551,80888mcqGS,28,7,2032,Done,aliquam augue quam sollicitudin vitae consectetuer eget rutrum at lorem integer tincidunt ante vel ipsum praesent blandit lacinia erat
9p6e3e888,92254gbvJT,16,2,2042,Done,tellus semper interdum mauris ullamcorper purus sit amet nulla quisque arcu
5c7q5c229,92254gbvJT,18,3,2028,Posponed,non pretium quis lectus suspendisse potenti in eleifend quam a odio in hac habitasse platea
6c7k5y607,20538nazVO,14,9,2049,Done,mi pede malesuada in imperdiet et commodo vulputate justo in blandit ultrices enim
1o6w0a430,02106saqRE,13,4,2030,Posponed,odio justo sollicitudin ut suscipit a feugiat et eros vestibulum ac est lacinia nisi venenatis tristique fusce congue
3p1n2x691,80228tfhPP,1,8,2017,Pending,ante ipsum primis in faucibus orci luctus et ultrices posuere cubilia curae duis faucibus accumsan odio curabitur convallis
4t7f5g329,32662eabQA,23,5,2045,Pending,quam suspendisse potenti nullam porttitor lacus at turpis donec posuere metus vitae ipsum aliquam non mauris morbi non lectus
2r2w6r057,84887zmdDX,24,7,2004,Posponed,in ante vestibulum ante ipsum primis in faucibus orci luctus et ultrices posuere cubilia
7b4d5z444,37245ebcJL,30,9,2042,Done,donec pharetra magna vestibulum aliquet ultrices erat tortor sollicitudin mi sit
3a2b9j415,66285basZJ,21,1,2017,Pending,commodo placerat praesent blandit nam nulla integer pede justo lacinia eget tincidunt
7z6w0k294,02106saqRE,31,8,2040,Posponed,dolor sit amet consectetuer adipiscing elit proin interdum mauris non ligula pellentesque ultrices
3r5r4p048,60970elpXP,17,1,2004,Done,sapien cursus vestibulum proin eu mi nulla ac enim in tempor turpis nec euismod
6p3a7g522,20538nazVO,13,3,2035,Posponed,aliquet pulvinar sed nisl nunc rhoncus dui vel sem sed sagittis nam congue risus semper porta volutpat quam
7f7f4p881,75944kalMH,25,2,2035,Pending,maecenas ut massa quis augue luctus tincidunt nulla mollis molestie lorem quisque ut
9h8k5x220,80888mcqGS,7,10,2004,Done,id lobortis convallis tortor risus dapibus augue vel accumsan tellus nisi eu orci mauris lacinia sapien quis
8e0w2x454,93957cjxVY,13,5,2007,Done,lorem ipsum dolor sit amet consectetuer adipiscing elit proin risus praesent lectus vestibulum quam sapien varius ut
3u2i3d789,98477hhmKT,9,7,2046,Pending,ultrices posuere cubilia curae donec pharetra magna vestibulum aliquet ultrices erat tortor sollicitudin mi sit amet
